cluster_id,size,k,persist_steps,mean_intra_corr,mean_out_corr,margin,best_complex,TP,FP,FN,precision,recall,F1,precision_complex_ppi,recall_complex_ppi,F1_complex_ppi,FE,pval,ppi_edges,ppi_possible,ppi_density,ppi_enrich,ppi_pval,frac_nodes_with_ppi,alias_group_id,is_canonical,qval_complex,qval_ppi,members,members_complex,members_ppi,members_both,members_unexplained,member_labels,n_members_complex,n_members_ppi,n_members_both,n_members_unexplained
219,3,0.055000000000000604,2,0.9691743363518407,0.04237645267214524,0.9267978836796955,"Casein kinase II complex, CKA1 variant",3,0,0,1.0,1.0,1.0,1.0,1.0,1.0,1059.0,1.8728793971860472e-10,3,3,1.0,63.04768807798051,3.990032918346451e-06,1.0,219,True,2.0601673369046518e-09,1.2354324147176418e-05,"['CKA1', 'CKB1', 'CKB2']","['CKA1', 'CKB1', 'CKB2']","['CKA1', 'CKB1', 'CKB2']","['CKA1', 'CKB1', 'CKB2']",[],"['both', 'both', 'both']",3,3,3,0
318,4,0.11000000000000054,2,0.9447200681042061,-0.01688915635021743,0.9616092244544235,Septin complex,3,1,0,0.75,1.0,0.8571428571428571,0.75,1.0,0.8571428571428571,794.25,7.491517588744189e-10,6,6,1.0,63.04768807798051,1.5918600519039638e-11,1.0,318,True,8.029370133577105e-09,6.523504918586831e-11,"['CDC10', 'CDC11', 'CDC12', 'SHS1']","['CDC10', 'CDC11', 'CDC12']","['CDC10', 'CDC11', 'CDC12', 'SHS1']","['CDC10', 'CDC11', 'CDC12']",[],"['both', 'both', 'both', 'ppi']",3,4,3,0
105,6,0.08250000000000057,3,0.9375947615775768,-0.017381186907392716,0.9549759484849696,COPI vesicle coat complex,5,1,1,0.8333333333333334,0.8333333333333334,0.8333333333333334,0.8333333333333334,0.8333333333333334,0.8333333333333334,441.25,1.3386011791667189e-14,15,15,1.0,63.04768807798051,1.0101867022685906e-27,1.0,105,True,2.331397053715369e-13,5.947296359834801e-27,"['COP1', 'GLO3', 'RET2', 'SEC21', 'SEC26', 'SEC28']","['COP1', 'RET2', 'SEC21', 'SEC26', 'SEC28']","['COP1', 'GLO3', 'RET2', 'SEC21', 'SEC26', 'SEC28']","['COP1', 'RET2', 'SEC21', 'SEC26', 'SEC28']",[],"['both', 'ppi', 'both', 'both', 'both', 'both']",5,6,5,0
41,12,0.22000000000000042,5,0.8478461936155219,-0.001961382986432654,0.8498075766019546,"Vacuolar proton translocating ATPase complex, vacuole variant",9,3,1,0.75,0.9,0.8181818181818182,0.625,0.75,0.6818181818181819,238.275,2.4467300942056582e-23,38,66,0.5757575757575758,36.300184044897875,8.969102619925731e-51,0.8333333333333334,41,True,1.4610473991113787e-21,7.209778644478761e-50,"['VMA1', 'VMA10', 'VMA13', 'VMA2', 'VMA4', 'VMA5', 'VMA7', 'VMA8', 'VPH1', 'YPQ1', 'YPR170W-B', 'ZRC1']","['VMA1', 'VMA10', 'VMA13', 'VMA2', 'VMA4', 'VMA5', 'VMA7', 'VMA8', 'VPH1']","['VMA1', 'VMA10', 'VMA13', 'VMA2', 'VMA4', 'VMA5', 'VMA7', 'VMA8', 'VPH1', 'ZRC1']","['VMA1', 'VMA10', 'VMA13', 'VMA2', 'VMA4', 'VMA5', 'VMA7', 'VMA8', 'VPH1']","['YPQ1', 'YPR170W-B']","['both', 'both', 'both', 'both', 'both', 'both', 'both', 'both', 'both', 'unexplained', 'unexplained', 'ppi']",9,10,9,2
411,14,0.35750000000000026,2,0.7991964346910465,-0.0059908572429374215,0.805187291933984,"Vacuolar proton translocating ATPase complex, vacuole variant",9,5,1,0.6428571428571429,0.9,0.75,0.5051020408163266,0.7071428571428572,0.5892857142857143,204.23571428571432,2.225258235948515e-22,39,91,0.42857142857142855,27.02043774770593,2.354930697925137e-45,0.7857142857142857,411,True,9.301579426264791e-21,1.7577875566655485e-44,"['GAS1', 'PMP2', 'VMA1', 'VMA10', 'VMA13', 'VMA2', 'VMA4', 'VMA5', 'VMA7', 'VMA8', 'VPH1', 'YPQ1', 'YPR170W-B', 'ZRC1']","['VMA1', 'VMA10', 'VMA13', 'VMA2', 'VMA4', 'VMA5', 'VMA7', 'VMA8', 'VPH1']","['GAS1', 'VMA1', 'VMA10', 'VMA13', 'VMA2', 'VMA4', 'VMA5', 'VMA7', 'VMA8', 'VPH1', 'ZRC1']","['VMA1', 'VMA10', 'VMA13', 'VMA2', 'VMA4', 'VMA5', 'VMA7', 'VMA8', 'VPH1']","['PMP2', 'YPQ1', 'YPR170W-B']","['ppi', 'unexplained', 'both', 'both', 'both', 'both', 'both', 'both', 'both', 'both', 'both', 'unexplained', 'unexplained', 'ppi']",9,11,9,3
81,10,0.22000000000000042,4,0.8664379731968788,-0.017703944881519166,0.8841419180783979,COPI vesicle coat complex,6,4,0,0.6,1.0,0.7499999999999999,0.48,0.8,0.6,317.69999999999993,1.477407093209707e-16,22,45,0.4888888888888889,30.823314171457138,7.378725074962055e-28,0.8,81,True,3.484236340290049e-15,4.4061529733344844e-27,"['COP1', 'GLO3', 'RET2', 'SEC18', 'SEC21', 'SEC26', 'SEC27', 'SEC28', 'SLY1', 'VPS1']","['COP1', 'RET2', 'SEC21', 'SEC26', 'SEC27', 'SEC28']","['COP1', 'GLO3', 'RET2', 'SEC18', 'SEC21', 'SEC26', 'SEC27', 'SEC28']","['COP1', 'RET2', 'SEC21', 'SEC26', 'SEC27', 'SEC28']","['SLY1', 'VPS1']","['both', 'ppi', 'both', 'ppi', 'both', 'both', 'both', 'both', 'unexplained', 'unexplained']",6,8,6,2
409,11,0.3300000000000003,2,0.8356060116524295,-0.0163073708284004,0.8519133824808299,COPI vesicle coat complex,6,5,0,0.5454545454545454,1.0,0.7058823529411764,0.396694214876033,0.7272727272727273,0.5133689839572192,288.8181818181818,3.2502956050613553e-16,22,55,0.4,25.219075231192207,2.0014175353845684e-25,0.7272727272727273,409,True,7.150650331134981e-15,1.1619340691538189e-24,"['AGE2', 'COP1', 'GLO3', 'RET2', 'SEC18', 'SEC21', 'SEC26', 'SEC27', 'SEC28', 'SLY1', 'VPS1']","['COP1', 'RET2', 'SEC21', 'SEC26', 'SEC27', 'SEC28']","['COP1', 'GLO3', 'RET2', 'SEC18', 'SEC21', 'SEC26', 'SEC27', 'SEC28']","['COP1', 'RET2', 'SEC21', 'SEC26', 'SEC27', 'SEC28']","['AGE2', 'SLY1', 'VPS1']","['unexplained', 'both', 'ppi', 'both', 'ppi', 'both', 'both', 'both', 'both', 'unexplained', 'unexplained']",6,8,6,3
388,28,0.22000000000000042,2,0.8743912948597924,-0.02258058986922659,0.896971884729019,Nuclear pore complex,17,11,4,0.6071428571428571,0.8095238095238095,0.6938775510204083,0.5637755102040816,0.7517006802721089,0.6443148688046648,91.85204081632652,1.3761219736522022e-34,227,378,0.6005291005291006,37.86197141190893,2.330379063701358e-301,0.9285714285714286,388,True,1.150437969973241e-32,4.6385640410817505e-300,"['ASM4', 'GLE2', 'GTT3', 'HEH2', 'HMG2', 'KAP122', 'NDC1', 'NIC96', 'NUP1', 'NUP100', 'NUP116', 'NUP120', 'NUP133', 'NUP145', 'NUP157', 'NUP159', 'NUP170', 'NUP188', 'NUP49', 'NUP57', 'NUP60', 'NUP82', 'NUP84', 'NUP85', 'POM152', 'POM34', 'YPF1', 'YPR174C']","['GLE2', 'NDC1', 'NIC96', 'NUP1', 'NUP120', 'NUP133', 'NUP145', 'NUP157', 'NUP159', 'NUP170', 'NUP188', 'NUP57', 'NUP60', 'NUP82', 'NUP84', 'NUP85', 'POM152']","['ASM4', 'GLE2', 'HEH2', 'HMG2', 'KAP122', 'NDC1', 'NIC96', 'NUP1', 'NUP100', 'NUP116', 'NUP120', 'NUP133', 'NUP145', 'NUP157', 'NUP159', 'NUP170', 'NUP188', 'NUP49', 'NUP57', 'NUP60', 'NUP82', 'NUP84', 'NUP85', 'POM152', 'POM34', 'YPF1']","['GLE2', 'NDC1', 'NIC96', 'NUP1', 'NUP120', 'NUP133', 'NUP145', 'NUP157', 'NUP159', 'NUP170', 'NUP188', 'NUP57', 'NUP60', 'NUP82', 'NUP84', 'NUP85', 'POM152']","['GTT3', 'YPR174C']","['ppi', 'both', 'unexplained', 'ppi', 'ppi', 'ppi', 'both', 'both', 'both', 'ppi', 'ppi', 'both', 'both', 'both', 'both', 'both', 'both', 'both', 'ppi', 'both', 'both', 'both', 'both', 'both', 'both', 'ppi', 'ppi', 'unexplained']",17,26,17,2
357,9,0.16500000000000048,2,0.8824176211579685,-0.018147330723375377,0.9005649518813439,COPI vesicle coat complex,5,4,1,0.5555555555555556,0.8333333333333334,0.6666666666666667,0.37037037037037035,0.5555555555555556,0.4444444444444445,294.16666666666663,2.8088463656102945e-13,15,36,0.4166666666666667,26.26987003249188,4.10740880428312e-18,0.6666666666666666,357,True,4.048613037327942e-12,1.929097618191398e-17,"['COP1', 'GLO3', 'RET2', 'SEC18', 'SEC21', 'SEC26', 'SEC28', 'SLY1', 'VPS1']","['COP1', 'RET2', 'SEC21', 'SEC26', 'SEC28']","['COP1', 'GLO3', 'RET2', 'SEC21', 'SEC26', 'SEC28']","['COP1', 'RET2', 'SEC21', 'SEC26', 'SEC28']","['SEC18', 'SLY1', 'VPS1']","['both', 'ppi', 'both', 'unexplained', 'both', 'both', 'both', 'unexplained', 'unexplained']",5,6,5,3
64,37,0.1375000000000005,4,0.896496208624594,0.025043490573045314,0.8714527180515487,26S proteasome complex,19,18,1,0.5135135135135135,0.95,0.6666666666666667,0.48575602629656683,0.8986486486486486,0.6306306306306307,81.57162162162163,1.306657843596811e-38,361,666,0.5420420420420421,34.174497591818266,0.0,0.9459459459459459,64,True,2.7309148931173348e-36,0.0,"['ESS1', 'FAP7', 'HMT1', 'HSP104', 'NPL3', 'PRE1', 'PRE10', 'PRE2', 'PRE3', 'PRE4', 'PRE5', 'PRE6', 'PRE9', 'PUP1', 'RAD23', 'RAD51', 'RPB11', 'RPN1', 'RPN10', 'RPN11', 'RPN12', 'RPN13', 'RPN2', 'RPN5', 'RPN6', 'RPN7', 'RPN8', 'RPN9', 'RPT1', 'RPT2', 'RPT4', 'RPT5', 'SCL1', 'SEM1', 'SMX2', 'SMX3', 'YDL085C-A']","['PRE1', 'PRE10', 'PRE2', 'PRE3', 'PRE4', 'PRE5', 'PRE6', 'PRE9', 'PUP1', 'RPN1', 'RPN10', 'RPN11', 'RPN12', 'RPN2', 'RPT1', 'RPT2', 'RPT4', 'RPT5', 'SCL1']","['ESS1', 'HMT1', 'HSP104', 'NPL3', 'PRE1', 'PRE10', 'PRE2', 'PRE3', 'PRE4', 'PRE5', 'PRE6', 'PRE9', 'PUP1', 'RAD23', 'RAD51', 'RPB11', 'RPN1', 'RPN10', 'RPN11', 'RPN12', 'RPN13', 'RPN2', 'RPN5', 'RPN6', 'RPN7', 'RPN8', 'RPN9', 'RPT1', 'RPT2', 'RPT4', 'RPT5', 'SCL1', 'SEM1', 'SMX2', 'SMX3']","['PRE1', 'PRE10', 'PRE2', 'PRE3', 'PRE4', 'PRE5', 'PRE6', 'PRE9', 'PUP1', 'RPN1', 'RPN10', 'RPN11', 'RPN12', 'RPN2', 'RPT1', 'RPT2', 'RPT4', 'RPT5', 'SCL1']","['FAP7', 'YDL085C-A']","['ppi', 'unexplained', 'ppi', 'ppi', 'ppi', 'both', 'both', 'both', 'both', 'both', 'both', 'both', 'both', 'both', 'ppi', 'ppi', 'ppi', 'both', 'both', 'both', 'both', 'ppi', 'both', 'ppi', 'ppi', 'ppi', 'ppi', 'ppi', 'both', 'both', 'both', 'both', 'both', 'ppi', 'ppi', 'ppi', 'unexplained']",19,35,19,2
218,3,0.055000000000000604,2,0.9719417927481855,-0.0150553537332723,0.9869971464814578,Septin complex,2,1,1,0.6666666666666666,0.6666666666666666,0.6666666666666666,0.6666666666666666,0.6666666666666666,0.6666666666666666,706.0,1.7835430499402728e-06,3,3,1.0,63.04768807798051,3.990032918346451e-06,1.0,218,True,9.319012435937925e-06,1.2354324147176418e-05,"['CDC10', 'CDC11', 'SHS1']","['CDC10', 'CDC11']","['CDC10', 'CDC11', 'SHS1']","['CDC10', 'CDC11']",[],"['both', 'both', 'ppi']",2,3,2,0
360,6,0.16500000000000048,2,0.8874684630615891,-0.017593749004283423,0.9050622120658726,Septin complex,3,3,0,0.5,1.0,0.6666666666666666,0.5,1.0,0.6666666666666666,529.5,3.745758794372095e-09,8,15,0.5333333333333333,33.6254336415896,2.3329609340185238e-11,1.0,360,True,3.709174455055472e-08,9.287406384949933e-11,"['CDC10', 'CDC11', 'CDC12', 'KEL1', 'SHS1', 'SPA2']","['CDC10', 'CDC11', 'CDC12']","['CDC10', 'CDC11', 'CDC12', 'KEL1', 'SHS1', 'SPA2']","['CDC10', 'CDC11', 'CDC12']",[],"['both', 'both', 'both', 'ppi', 'ppi', 'ppi']",3,6,3,0
301,12,0.11000000000000054,2,0.928819849611632,0.031452617296606755,0.8973672323150252,"Cytoplasmic exosome complex, DIS3 variant",6,6,0,0.5,1.0,0.6666666666666666,0.4583333333333333,0.9166666666666666,0.611111111111111,264.75,6.500591210122711e-16,46,66,0.696969696969697,43.94232805435006,4.8201689170885065e-67,0.9166666666666666,301,True,1.3586235629156464e-14,4.2868736326446717e-66,"['CSL4', 'MTR3', 'NOP14', 'RPO31', 'RRP4', 'RRP40', 'RRP42', 'RRP43', 'RRP45', 'RRP46', 'SKI6', 'TSR1']","['CSL4', 'MTR3', 'RRP4', 'RRP43', 'RRP46', 'SKI6']","['CSL4', 'MTR3', 'NOP14', 'RRP4', 'RRP40', 'RRP42', 'RRP43', 'RRP45', 'RRP46', 'SKI6', 'TSR1']","['CSL4', 'MTR3', 'RRP4', 'RRP43', 'RRP46', 'SKI6']",['RPO31'],"['both', 'both', 'ppi', 'unexplained', 'both', 'ppi', 'ppi', 'both', 'ppi', 'both', 'both', 'ppi']",6,11,6,1
397,43,0.2475000000000004,2,0.8622373450854631,0.02422226418939714,0.838015080896066,26S proteasome complex,20,23,0,0.46511627906976744,1.0,0.6349206349206349,0.4434829637641969,0.9534883720930233,0.6053894425987449,73.88372093023256,2.261174942107954e-40,416,903,0.46068660022148394,29.045225072469428,0.0,0.9534883720930233,397,True,9.451711258011247e-38,0.0,"['ESS1', 'FAP7', 'GLO2', 'GON7', 'GSP2', 'HMT1', 'HSP104', 'KAP104', 'NPL3', 'PRE1', 'PRE10', 'PRE2', 'PRE3', 'PRE4', 'PRE5', 'PRE6', 'PRE9', 'PUP1', 'PUP2', 'RAD23', 'RAD51', 'RPB11', 'RPN1', 'RPN10', 'RPN11', 'RPN12', 'RPN13', 'RPN2', 'RPN5', 'RPN6', 'RPN7', 'RPN8', 'RPN9', 'RPT1', 'RPT2', 'RPT4', 'RPT5', 'SCL1', 'SEM1', 'SMX2', 'SMX3', 'UMP1', 'YDL085C-A']","['PRE1', 'PRE10', 'PRE2', 'PRE3', 'PRE4', 'PRE5', 'PRE6', 'PRE9', 'PUP1', 'PUP2', 'RPN1', 'RPN10', 'RPN11', 'RPN12', 'RPN2', 'RPT1', 'RPT2', 'RPT4', 'RPT5', 'SCL1']","['ESS1', 'FAP7', 'GON7', 'GSP2', 'HMT1', 'HSP104', 'KAP104', 'NPL3', 'PRE1', 'PRE10', 'PRE2', 'PRE3', 'PRE4', 'PRE5', 'PRE6', 'PRE9', 'PUP1', 'PUP2', 'RAD23', 'RAD51', 'RPB11', 'RPN1', 'RPN10', 'RPN11', 'RPN12', 'RPN13', 'RPN2', 'RPN5', 'RPN6', 'RPN7', 'RPN8', 'RPN9', 'RPT1', 'RPT2', 'RPT4', 'RPT5', 'SCL1', 'SEM1', 'SMX2', 'SMX3', 'UMP1']","['PRE1', 'PRE10', 'PRE2', 'PRE3', 'PRE4', 'PRE5', 'PRE6', 'PRE9', 'PUP1', 'PUP2', 'RPN1', 'RPN10', 'RPN11', 'RPN12', 'RPN2', 'RPT1', 'RPT2', 'RPT4', 'RPT5', 'SCL1']","['GLO2', 'YDL085C-A']","['ppi', 'ppi', 'unexplained', 'ppi', 'ppi', 'ppi', 'ppi', 'ppi', 'ppi', 'both', 'both', 'both', 'both', 'both', 'both', 'both', 'both', 'both', 'both', 'ppi', 'ppi', 'ppi', 'both', 'both', 'both', 'both', 'ppi', 'both', 'ppi', 'ppi', 'ppi', 'ppi', 'ppi', 'both', 'both', 'both', 'both', 'both', 'ppi', 'ppi', 'ppi', 'ppi', 'unexplained']",20,41,20,2
358,9,0.16500000000000048,2,0.8881024465774441,-0.004722508575635834,0.8928249551530799,"Vacuolar proton translocating ATPase complex, vacuole variant",6,3,4,0.6666666666666666,0.6,0.631578947368421,0.5185185185185185,0.4666666666666667,0.49122807017543857,211.79999999999998,1.236999811010327e-14,17,36,0.4722222222222222,29.772519370157465,1.639859291456856e-21,0.7777777777777778,358,True,2.2481127000100728e-13,8.359282729621535e-21,"['VMA1', 'VMA10', 'VMA2', 'VMA4', 'VMA7', 'VPH1', 'YPQ1', 'YPR170W-B', 'ZRC1']","['VMA1', 'VMA10', 'VMA2', 'VMA4', 'VMA7', 'VPH1']","['VMA1', 'VMA10', 'VMA2', 'VMA4', 'VMA7', 'VPH1', 'ZRC1']","['VMA1', 'VMA10', 'VMA2', 'VMA4', 'VMA7', 'VPH1']","['YPQ1', 'YPR170W-B']","['both', 'both', 'both', 'both', 'both', 'both', 'unexplained', 'unexplained', 'ppi']",6,7,6,2
162,36,0.27500000000000036,3,0.8247232346270237,-0.0215906630081735,0.8463138976351972,Nuclear pore complex,18,18,3,0.5,0.8571428571428571,0.631578947368421,0.4583333333333333,0.7857142857142856,0.5789473684210525,75.64285714285715,7.338972534304401e-35,300,630,0.47619047619047616,30.022708608562148,0.0,0.9166666666666666,162,True,7.669226298348099e-33,0.0,"['ASM4', 'GLE2', 'GTT3', 'HEH2', 'HMG1', 'HMG2', 'KAP122', 'LAC1', 'LOS1', 'MAD1', 'MEX67', 'MLP1', 'NDC1', 'NIC96', 'NSG1', 'NUP1', 'NUP100', 'NUP116', 'NUP120', 'NUP133', 'NUP145', 'NUP157', 'NUP159', 'NUP170', 'NUP188', 'NUP49', 'NUP57', 'NUP60', 'NUP82', 'NUP84', 'NUP85', 'POM152', 'POM34', 'SEH1', 'YPF1', 'YPR174C']","['GLE2', 'NDC1', 'NIC96', 'NUP1', 'NUP120', 'NUP133', 'NUP145', 'NUP157', 'NUP159', 'NUP170', 'NUP188', 'NUP57', 'NUP60', 'NUP82', 'NUP84', 'NUP85', 'POM152', 'SEH1']","['ASM4', 'GLE2', 'HEH2', 'HMG1', 'HMG2', 'KAP122', 'LAC1', 'MAD1', 'MEX67', 'MLP1', 'NDC1', 'NIC96', 'NSG1', 'NUP1', 'NUP100', 'NUP116', 'NUP120', 'NUP133', 'NUP145', 'NUP157', 'NUP159', 'NUP170', 'NUP188', 'NUP49', 'NUP57', 'NUP60', 'NUP82', 'NUP84', 'NUP85', 'POM152', 'POM34', 'SEH1', 'YPF1']","['GLE2', 'NDC1', 'NIC96', 'NUP1', 'NUP120', 'NUP133', 'NUP145', 'NUP157', 'NUP159', 'NUP170', 'NUP188', 'NUP57', 'NUP60', 'NUP82', 'NUP84', 'NUP85', 'POM152', 'SEH1']","['GTT3', 'LOS1', 'YPR174C']","['ppi', 'both', 'unexplained', 'ppi', 'ppi', 'ppi', 'ppi', 'ppi', 'unexplained', 'ppi', 'ppi', 'ppi', 'both', 'both', 'ppi', 'both', 'ppi', 'ppi', 'both', 'both', 'both', 'both', 'both', 'both', 'both', 'ppi', 'both', 'both', 'both', 'both', 'both', 'both', 'ppi', 'both', 'ppi', 'unexplained']",18,33,18,3
93,4,0.027500000000000635,3,0.9818568833153124,-0.002125497514834669,0.9839823808301471,DASH complex,3,1,3,0.75,0.5,0.6,0.75,0.5,0.6,397.125,1.4972413933269933e-08,6,6,1.0,63.04768807798051,1.5918600519039638e-11,1.0,93,True,1.350025740506055e-07,6.523504918586831e-11,"['DAD1', 'DAD2', 'DAD3', 'DAD4']","['DAD2', 'DAD3', 'DAD4']","['DAD1', 'DAD2', 'DAD3', 'DAD4']","['DAD2', 'DAD3', 'DAD4']",[],"['ppi', 'both', 'both', 'both']",3,4,3,0
13,48,0.35750000000000026,8,0.7577736833216413,-0.02337031638075584,0.7811439997023971,Nuclear pore complex,20,28,1,0.4166666666666667,0.9523809523809523,0.5797101449275361,0.36458333333333337,0.8333333333333333,0.5072463768115941,63.035714285714285,8.203235624309479e-38,409,1128,0.3625886524822695,22.860376262317402,0.0,0.875,13,True,1.1429841636537875e-35,0.0,"['ASI3', 'ASM4', 'ESC1', 'GLE1', 'GLE2', 'GTT3', 'HEH2', 'HMG1', 'HMG2', 'KAP122', 'LAC1', 'LOS1', 'MAD1', 'MEX67', 'MLP1', 'MLP2', 'NDC1', 'NIC96', 'NSG1', 'NUP1', 'NUP100', 'NUP116', 'NUP120', 'NUP133', 'NUP145', 'NUP157', 'NUP159', 'NUP170', 'NUP188', 'NUP42', 'NUP49', 'NUP57', 'NUP60', 'NUP82', 'NUP84', 'NUP85', 'OSW7', 'PGA1', 'POM152', 'POM34', 'SAC3', 'SEH1', 'SIR3', 'SRC1', 'THP1', 'ULP1', 'YPF1', 'YPR174C']","['GLE2', 'MLP2', 'NDC1', 'NIC96', 'NUP1', 'NUP120', 'NUP133', 'NUP145', 'NUP157', 'NUP159', 'NUP170', 'NUP188', 'NUP42', 'NUP57', 'NUP60', 'NUP82', 'NUP84', 'NUP85', 'POM152', 'SEH1']","['ASM4', 'ESC1', 'GLE1', 'GLE2', 'HEH2', 'HMG1', 'HMG2', 'KAP122', 'LAC1', 'MAD1', 'MEX67', 'MLP1', 'MLP2', 'NDC1', 'NIC96', 'NSG1', 'NUP1', 'NUP100', 'NUP116', 'NUP120', 'NUP133', 'NUP145', 'NUP157', 'NUP159', 'NUP170', 'NUP188', 'NUP42', 'NUP49', 'NUP57', 'NUP60', 'NUP82', 'NUP84', 'NUP85', 'POM152', 'POM34', 'SAC3', 'SEH1', 'SIR3', 'SRC1', 'THP1', 'ULP1', 'YPF1']","['GLE2', 'MLP2', 'NDC1', 'NIC96', 'NUP1', 'NUP120', 'NUP133', 'NUP145', 'NUP157', 'NUP159', 'NUP170', 'NUP188', 'NUP42', 'NUP57', 'NUP60', 'NUP82', 'NUP84', 'NUP85', 'POM152', 'SEH1']","['ASI3', 'GTT3', 'LOS1', 'OSW7', 'PGA1', 'YPR174C']","['unexplained', 'ppi', 'ppi', 'ppi', 'both', 'unexplained', 'ppi', 'ppi', 'ppi', 'ppi', 'ppi', 'unexplained', 'ppi', 'ppi', 'ppi', 'both', 'both', 'both', 'ppi', 'both', 'ppi', 'ppi', 'both', 'both', 'both', 'both', 'both', 'both', 'both', 'both', 'ppi', 'both', 'both', 'both', 'both', 'both', 'unexplained', 'unexplained', 'both', 'ppi', 'ppi', 'both', 'ppi', 'ppi', 'ppi', 'ppi', 'ppi', 'unexplained']",20,42,20,6
179,4,0.027500000000000635,2,0.9851972012019049,0.010218624042173963,0.9749785771597309,UTP-A complex,2,2,1,0.5,0.6666666666666666,0.5714285714285715,0.5,0.6666666666666666,0.5714285714285715,529.5,3.5663369481216715e-06,6,6,1.0,63.04768807798051,1.5918600519039638e-11,1.0,179,True,1.733405632924254e-05,6.523504918586831e-11,"['NAN1', 'UTP13', 'UTP8', 'UTP9']","['UTP8', 'UTP9']","['NAN1', 'UTP13', 'UTP8', 'UTP9']","['UTP8', 'UTP9']",[],"['ppi', 'ppi', 'both', 'both']",2,4,2,0
112,3,0.08250000000000057,3,0.933017059859598,-0.0011801590598661453,0.9341972189194642,Eukaryotic translation initiation factor 2B complex,2,1,2,0.6666666666666666,0.5,0.5714285714285715,0.6666666666666666,0.5,0.5714285714285715,529.5,3.5663369481216715e-06,3,3,1.0,63.04768807798051,3.990032918346451e-06,1.0,112,True,1.733405632924254e-05,1.2354324147176418e-05,"['DHH1', 'GCD2', 'GCD6']","['GCD2', 'GCD6']","['DHH1', 'GCD2', 'GCD6']","['GCD2', 'GCD6']",[],"['ppi', 'both', 'both']",2,3,2,0
207,4,0.055000000000000604,2,0.9668933738070401,-0.0019329465494918035,0.9688263203565319,Central kinetochore CTF19 complex,2,2,1,0.5,0.6666666666666666,0.5714285714285715,0.5,0.6666666666666666,0.5714285714285715,529.5,3.5663369481216715e-06,4,6,0.6666666666666666,42.031792051987004,9.25324805065251e-07,1.0,207,True,1.733405632924254e-05,3.0942861481381993e-06,"['AME1', 'MTW1', 'NKP2', 'SPC24']","['AME1', 'MTW1']","['AME1', 'MTW1', 'NKP2', 'SPC24']","['AME1', 'MTW1']",[],"['both', 'both', 'ppi', 'ppi']",2,4,2,0
129,22,0.1375000000000005,3,0.9130131777907864,-0.021254604457268303,0.9342677822480547,Nuclear pore complex,12,10,9,0.5454545454545454,0.5714285714285714,0.5581395348837208,0.4958677685950413,0.5194805194805194,0.5073995771670189,82.51948051948052,8.563376592883012e-23,128,231,0.5541125541125541,34.93551547178141,3.6470130831138745e-164,0.9090909090909091,129,True,3.97721268425011e-21,5.4444695312199985e-163,"['ASM4', 'GLE2', 'GTT3', 'HEH2', 'HMG2', 'NDC1', 'NUP1', 'NUP100', 'NUP116', 'NUP120', 'NUP145', 'NUP157', 'NUP159', 'NUP170', 'NUP188', 'NUP49', 'NUP60', 'NUP82', 'POM152', 'POM34', 'YPF1', 'YPR174C']","['GLE2', 'NDC1', 'NUP1', 'NUP120', 'NUP145', 'NUP157', 'NUP159', 'NUP170', 'NUP188', 'NUP60', 'NUP82', 'POM152']","['ASM4', 'GLE2', 'HEH2', 'HMG2', 'NDC1', 'NUP1', 'NUP100', 'NUP116', 'NUP120', 'NUP145', 'NUP157', 'NUP159', 'NUP170', 'NUP188', 'NUP49', 'NUP60', 'NUP82', 'POM152', 'POM34', 'YPF1']","['GLE2', 'NDC1', 'NUP1', 'NUP120', 'NUP145', 'NUP157', 'NUP159', 'NUP170', 'NUP188', 'NUP60', 'NUP82', 'POM152']","['GTT3', 'YPR174C']","['ppi', 'both', 'unexplained', 'ppi', 'ppi', 'both', 'both', 'ppi', 'ppi', 'both', 'both', 'both', 'both', 'both', 'both', 'ppi', 'both', 'both', 'both', 'ppi', 'ppi', 'unexplained']",12,20,12,2
279,4,0.08250000000000057,2,0.9449721401422609,0.033217997266557095,0.9117541428757039,DNA-directed RNA polymerase II complex,3,1,4,0.75,0.42857142857142855,0.5454545454545454,0.75,0.42857142857142855,0.5454545454545454,340.39285714285717,2.6195528657428282e-08,4,6,0.6666666666666666,42.031792051987004,9.25324805065251e-07,1.0,279,True,2.189946195761004e-07,3.0942861481381993e-06,"['RPB2', 'RPB3', 'RPB9', 'RTT102']","['RPB2', 'RPB3', 'RPB9']","['RPB2', 'RPB3', 'RPB9', 'RTT102']","['RPB2', 'RPB3', 'RPB9']",[],"['both', 'both', 'both', 'ppi']",3,4,3,0
311,5,0.11000000000000054,2,0.9560636527422929,-0.0014991098817327966,0.9575627626240257,DASH complex,3,2,3,0.6,0.5,0.5454545454545454,0.6,0.5,0.5454545454545454,317.69999999999993,3.740449511215814e-08,7,10,0.7,44.13338165458636,2.9052400787216915e-11,1.0,311,True,3.006745953246558e-07,1.1456512763261009e-10,"['BIM1', 'DAD1', 'DAD2', 'DAD3', 'DAD4']","['DAD2', 'DAD3', 'DAD4']","['BIM1', 'DAD1', 'DAD2', 'DAD3', 'DAD4']","['DAD2', 'DAD3', 'DAD4']",[],"['ppi', 'ppi', 'both', 'both', 'both']",3,5,3,0
73,4,0.16500000000000048,4,0.8905446729087155,-0.0032544565054546636,0.8937991294141702,Eukaryotic translation initiation factor 2B complex,2,2,2,0.5,0.5,0.5,0.5,0.5,0.5,397.125,7.1296779972907926e-06,4,6,0.6666666666666666,42.031792051987004,9.25324805065251e-07,1.0,73,True,3.348545396480395e-05,3.0942861481381993e-06,"['DHH1', 'GCD2', 'GCD6', 'GVP36']","['GCD2', 'GCD6']","['DHH1', 'GCD2', 'GCD6', 'GVP36']","['GCD2', 'GCD6']",[],"['ppi', 'both', 'both', 'ppi']",2,4,2,0
63,3,0.11000000000000054,4,0.9240321888064185,0.010773258449343733,0.9132589303570747,"Vacuolar proton translocating ATPase complex, Golgi variant",3,0,6,1.0,0.3333333333333333,0.5,1.0,0.3333333333333333,0.5,352.99999999999994,1.57321869363628e-08,3,3,1.0,63.04768807798051,3.990032918346451e-06,1.0,63,True,1.370011279041594e-07,1.2354324147176418e-05,"['VMA13', 'VMA5', 'VMA8']","['VMA13', 'VMA5', 'VMA8']","['VMA13', 'VMA5', 'VMA8']","['VMA13', 'VMA5', 'VMA8']",[],"['both', 'both', 'both']",3,3,3,0
263,6,0.08250000000000057,2,0.9506992154612371,-0.007224875148719778,0.9579240906099569,DASH complex,3,3,3,0.5,0.5,0.5,0.5,0.5,0.5,264.75,7.475593755430651e-08,9,15,0.6,37.8286128467883,2.915695471131301e-13,1.0,263,True,5.482102087315811e-07,1.2695424030550874e-12,"['ASK1', 'DAM1', 'SLK19', 'SPC110', 'SPC19', 'SPC34']","['ASK1', 'DAM1', 'SPC34']","['ASK1', 'DAM1', 'SLK19', 'SPC110', 'SPC19', 'SPC34']","['ASK1', 'DAM1', 'SPC34']",[],"['both', 'both', 'ppi', 'ppi', 'ppi', 'both']",3,6,3,0
245,18,0.08250000000000057,2,0.9521061755176364,0.03213902808596738,0.9199671474316691,26S proteasome complex,9,9,11,0.5,0.45,0.4736842105263158,0.4444444444444444,0.39999999999999997,0.42105263157894735,79.425,8.837070458072746e-17,113,153,0.738562091503268,46.56463237131894,2.349072916836055e-167,0.8888888888888888,245,True,2.462596967649605e-15,3.6367128860647075e-166,"['FAP7', 'PRE1', 'PRE10', 'PRE2', 'PRE6', 'PRE9', 'RAD23', 'RPN1', 'RPN11', 'RPN12', 'RPN5', 'RPN6', 'RPN7', 'RPN8', 'RPN9', 'SCL1', 'SEM1', 'YDL085C-A']","['PRE1', 'PRE10', 'PRE2', 'PRE6', 'PRE9', 'RPN1', 'RPN11', 'RPN12', 'SCL1']","['PRE1', 'PRE10', 'PRE2', 'PRE6', 'PRE9', 'RAD23', 'RPN1', 'RPN11', 'RPN12', 'RPN5', 'RPN6', 'RPN7', 'RPN8', 'RPN9', 'SCL1', 'SEM1']","['PRE1', 'PRE10', 'PRE2', 'PRE6', 'PRE9', 'RPN1', 'RPN11', 'RPN12', 'SCL1']","['FAP7', 'YDL085C-A']","['unexplained', 'both', 'both', 'both', 'both', 'both', 'ppi', 'both', 'both', 'both', 'ppi', 'ppi', 'ppi', 'ppi', 'ppi', 'both', 'ppi', 'unexplained']",9,16,9,2
49,4,0.055000000000000604,4,0.9504474288523691,0.03926417367079817,0.911183255181571,DNA-directed RNA polymerase III complex,3,1,6,0.75,0.3333333333333333,0.46153846153846156,0.75,0.3333333333333333,0.46153846153846156,264.75,6.283952929401626e-08,4,6,0.6666666666666666,42.031792051987004,9.25324805065251e-07,1.0,49,True,4.6905220080176425e-07,3.0942861481381993e-06,"['RET1', 'RPC25', 'RPC53', 'TAF10']","['RET1', 'RPC25', 'RPC53']","['RET1', 'RPC25', 'RPC53', 'TAF10']","['RET1', 'RPC25', 'RPC53']",[],"['both', 'both', 'both', 'ppi']",3,4,3,0
232,3,0.055000000000000604,2,0.9585276473380894,-0.00544601450196967,0.9639736618400591,"Vacuolar proton translocating ATPase complex, vacuole variant",3,0,7,1.0,0.3,0.4615384615384615,1.0,0.3,0.4615384615384615,317.7,2.2474552766232572e-08,3,3,1.0,63.04768807798051,3.990032918346451e-06,1.0,232,True,1.9172169502622888e-07,1.2354324147176418e-05,"['VMA10', 'VMA4', 'VPH1']","['VMA10', 'VMA4', 'VPH1']","['VMA10', 'VMA4', 'VPH1']","['VMA10', 'VMA4', 'VPH1']",[],"['both', 'both', 'both']",3,3,3,0
224,3,0.055000000000000604,2,0.9522329267887342,-0.00917269097817888,0.961405617766913,Exocyst,2,1,5,0.6666666666666666,0.2857142857142857,0.4,0.4444444444444444,0.19047619047619047,0.26666666666666666,302.57142857142856,1.247431322495767e-05,1,3,0.3333333333333333,21.015896025993502,0.04683231388869897,0.6666666666666666,224,True,5.375528791785883e-05,0.092776811400361,"['EPO1', 'EXO84', 'SEC6']","['EXO84', 'SEC6']","['EXO84', 'SEC6']","['EXO84', 'SEC6']",['EPO1'],"['unexplained', 'both', 'both']",2,2,2,1
59,6,0.11000000000000054,4,0.9332119966175709,-0.016002433706208408,0.9492144303237793,Nuclear pore complex,5,1,16,0.8333333333333334,0.23809523809523808,0.37037037037037035,0.6944444444444445,0.1984126984126984,0.30864197530864196,126.07142857142857,4.5219708057274224e-11,10,15,0.6666666666666666,42.031792051987004,2.8125247737602547e-15,0.8333333333333334,59,True,5.250510546650174e-10,1.2506759100338153e-14,"['KAP122', 'NIC96', 'NUP133', 'NUP57', 'NUP84', 'NUP85']","['NIC96', 'NUP133', 'NUP57', 'NUP84', 'NUP85']","['NIC96', 'NUP133', 'NUP57', 'NUP84', 'NUP85']","['NIC96', 'NUP133', 'NUP57', 'NUP84', 'NUP85']",['KAP122'],"['unexplained', 'both', 'both', 'both', 'both', 'both']",5,5,5,1
205,5,0.055000000000000604,2,0.9669883114141442,0.0335661281918225,0.9334221832223217,26S proteasome complex,4,1,16,0.8,0.2,0.32000000000000006,0.8,0.2,0.32000000000000006,127.08,5.694704108236357e-09,10,10,1.0,63.04768807798051,1.0070892863516947e-18,1.0,205,True,5.409968902824539e-08,4.838658870057568e-18,"['RPN13', 'RPT1', 'RPT2', 'RPT4', 'RPT5']","['RPT1', 'RPT2', 'RPT4', 'RPT5']","['RPN13', 'RPT1', 'RPT2', 'RPT4', 'RPT5']","['RPT1', 'RPT2', 'RPT4', 'RPT5']",[],"['ppi', 'both', 'both', 'both', 'both']",4,5,4,0
194,7,0.055000000000000604,2,0.9622534994556612,0.0455922293464573,0.9166612701092038,Core mediator complex,3,4,12,0.42857142857142855,0.2,0.27272727272727276,0.30612244897959184,0.14285714285714288,0.19480519480519484,90.77142857142859,2.948872261501234e-06,7,21,0.3333333333333333,21.015896025993502,2.4147273386937848e-08,0.7142857142857143,194,True,1.485094705189778e-05,8.62697459464959e-08,"['CTK3', 'DLS1', 'NUT2', 'SFP1', 'SRB2', 'SRB4', 'SRB6']","['SRB2', 'SRB4', 'SRB6']","['NUT2', 'SFP1', 'SRB2', 'SRB4', 'SRB6']","['SRB2', 'SRB4', 'SRB6']","['CTK3', 'DLS1']","['unexplained', 'unexplained', 'ppi', 'ppi', 'both', 'both', 'both']",3,5,3,2
229,3,0.055000000000000604,2,0.9614808941384019,-0.021824208225854454,0.9833051023642563,Nuclear pore complex,3,0,18,1.0,0.14285714285714285,0.25,1.0,0.14285714285714285,0.25,151.28571428571428,2.490929598257443e-07,3,3,1.0,63.04768807798051,3.990032918346451e-06,1.0,229,True,1.5775887455630472e-06,1.2354324147176418e-05,"['NIC96', 'NUP57', 'NUP84']","['NIC96', 'NUP57', 'NUP84']","['NIC96', 'NUP57', 'NUP84']","['NIC96', 'NUP57', 'NUP84']",[],"['both', 'both', 'both']",3,3,3,0
228,3,0.055000000000000604,2,0.958867581497767,-0.008420281865472069,0.967287863363239,Nuclear pore complex,2,1,19,0.6666666666666666,0.09523809523809523,0.16666666666666666,0.4444444444444444,0.06349206349206349,0.1111111111111111,100.85714285714286,0.00012437604788772825,1,3,0.3333333333333333,21.015896025993502,0.04683231388869897,0.6666666666666666,228,True,0.0004813813705284297,0.092776811400361,"['KAP122', 'NUP133', 'NUP85']","['NUP133', 'NUP85']","['NUP133', 'NUP85']","['NUP133', 'NUP85']",['KAP122'],"['unexplained', 'both', 'both']",2,2,2,1
277,4,0.08250000000000057,2,0.9306045502575452,-0.01250167818767908,0.9431062284452243,Nuclear pore complex,2,2,19,0.5,0.09523809523809523,0.16,0.375,0.07142857142857142,0.12,75.64285714285714,0.0002477599618125966,2,6,0.3333333333333333,21.015896025993502,0.0036167505145659074,0.75,277,True,0.000900553600327525,0.00889295126522676,"['NUP188', 'NUP49', 'NUP60', 'YPF1']","['NUP188', 'NUP60']","['NUP188', 'NUP49', 'NUP60']","['NUP188', 'NUP60']",['YPF1'],"['both', 'ppi', 'both', 'unexplained']",2,3,2,1
